<?xml version="1.0" encoding="utf-8"?>
<install type="module" client="administrator" version="1.5.0" method="upgrade">
    <name>Google Analytics Dashboard</name>
    <author>Deconf.com</author>
	<creationDate>June 2012</creationDate>
	<copyright>Copyright (C) 2010 www.deconf.com. All rights reserved.</copyright>
	<license>http://www.gnu.org/licenses/gpl-2.0.html GNU/GPL</license>
	<authorEmail>admin@deconf.com</authorEmail>
	<authorUrl>http://www.deconf.com/en/</authorUrl>
    <version>2.5.1</version>	
	<description>GAD_DESCRIPTION</description>
	<languages>
		<language tag="en-GB">languages/en-GB/en-GB.mod_ga_dash.ini</language>
	</languages>
    <files>
	    <folder>src</folder>
        <filename>mod_ga_dash.xml</filename>
        <filename module="mod_ga_dash">mod_ga_dash.php</filename>
        <filename>index.html</filename>
        <filename>functions.php</filename>		
        <filename>helper.php</filename>
        <filename>tmpl/default.php</filename>
        <filename>tmpl/index.html</filename>
    </files>
	<params>
	  <param name="@spacer1" type="spacer" default="GAD_GOOGLE_ANALYTICS_API" label="" description="" />
	  <param name="ga_api_key" type="text" size="70" default="" label="GAD_API_KEY" description="GAD_API_KEY"/>
	  <param name="ga_client_id" type="text" size="70" default="" label="GAD_CLIENT_ID" description="GAD_CLIENT_ID"/>
	  <param name="ga_client_secret" type="text" size="70" default="" label="GAD_CLIENT_SECRET" description="GAD_CLIENT_SECRET"/>
	  <param name="ga_domain" type="text"  size="25" default="" label="GAD_DOMAIN" description="GAD_DOMAIN"/>
	  <param name="@spacer4" type="spacer" default="GAD_ACTIONS" label="" description="" />
	  <param name="@spacer6" type="spacer" default="" label="" description="" />
	  <param name="@spacer2" type="spacer" default="GAD_CHART_SETTINGS" label="" description="" />
	  <param name="ga_chart_width" type="text" size="4" default="550" label="GAD_WIDTH" description="GAD_WIDTH"/>
	  <param name="ga_chart_height" type="text" size="4" default="200" label="GAD_HEIGHT" description="GAD_HEIGHT"/>
  	  <param name="ga_chart_theme" type="list" default="3" label="GAD_THEME" description="GAD_CHOOSE">
			<option value="1">GAD_BLUE_DESKTOP</option>
			<option value="2">GAD_LIGHT_MOBILE</option>
			<option value="3">GAD_AUTO_SWITCH</option>
	  </param>
	  <param name="@spacer6" type="spacer" default="" label="" description="" />	  
	  <param name="ga_enable_map" type="list" default="0" label="GAD_MAP" description="">
			<option value="1">GAD_YES</option>
			<option value="0">GAD_NO</option>
	  </param>
	  <param name="ga_enable_traffic" type="list" default="0" label="GAD_TRAFFIC" description="">
			<option value="1">GAD_YES</option>
			<option value="0">GAD_NO</option>
	  </param>
	  <param name="ga_enable_pgd" type="list" default="0" label="GAD_PGD" description="">
			<option value="1">GAD_YES</option>
			<option value="0">GAD_NO</option>
	  </param>
	  <param name="ga_enable_rd" type="list" default="0" label="GAD_RD" description="">
			<option value="1">GAD_YES</option>
			<option value="0">GAD_NO</option>
	  </param>
	  <param name="ga_enable_sd" type="list" default="0" label="GAD_SD" description="">
			<option value="1">GAD_YES</option>
			<option value="0">GAD_NO</option>
	  </param>
	  <param name="@spacer6" type="spacer" default="" label="" description="" />
	  <param name="ga_dash_cache" type="list" default="1800" label="GAD_CACHE" description="">
			<option value="10">GAD_NONE</option>
			<option value="900">GAD_15</option>
			<option value="1800">GAD_30</option>
			<option value="3600">GAD_60</option>
	  </param>
	  <param name="@spacer5" type="spacer" default="GAD_CACHE_ACTION" label="" description="" />
	  <param name="@spacer6" type="spacer" default="" label="" description="" />	  
	  <param name="@spacer3" type="spacer" default="&lt;span style='font-size:1em; color:green;'&gt;Try &lt;a href='http://clicky.com/66508224' target='_blank'&gt;Clicky Analytics&lt;/a&gt; - Free, Real Time, IP Based Analytics&lt;/font&gt;" label="" description="" />	  
	</params>
</install>